intercept,slope
1.8463705188081962,2.35883775070098
