param,value
a0,0.9331940476190486
a1,0.00020529761904762057
